decade,gender,name,frequency
1950s,male,James,0.139496
1950s,male,John,0.082945
1950s,male,Robert,0.061196
1950s,male,Michael,0.049319
1950s,male,William,0.041719
1950s,male,David,0.036387
1950s,male,Richard,0.032414
1950s,male,Joseph,0.029325
1950s,male,Thomas,0.026846
1950s,male,Charles,0.024806
1950s,male,Christopher,0.023095
1950s,male,Daniel,0.021636
1950s,male,Matthew,0.020375
1950s,male,Anthony,0.019274
1950s,male,Mark,0.018302
1950s,male,Donald,0.017437
1950s,male,Paul,0.016662
1950s,male,Steven,0.015963
1950s,male,Andrew,0.015328
1950s,male,Edward,0.014750
1950s,male,Joshua,0.014220
1950s,male,Kevin,0.013732
1950s,male,Brian,0.013282
1950s,male,George,0.012865
1950s,male,Timothy,0.012477
1950s,male,Ronald,0.012115
1950s,male,Jason,0.011777
1950s,male,Jeffrey,0.011460
1950s,male,Ryan,0.011163
1950s,male,Eric,0.010882
1950s,male,Jacob,0.010618
1950s,male,Nicholas,0.010368
1950s,male,Adam,0.010132
1950s,male,Benjamin,0.009907
1950s,male,Samuel,0.009694
1950s,male,Henry,0.009492
1950s,male,Alexander,0.009298
1950s,male,Noah,0.009114
1950s,male,Ethan,0.008938
1950s,male,Lucas,0.008770
1950s,male,Logan,0.008609
1950s,male,Mason,0.008455
1950s,male,Oliver,0.008307
1950s,male,Elijah,0.008165
1950s,male,Aiden,0.008029
1950s,male,Jayden,0.007898
1950s,male,Liam,0.007771
1950s,male,Theo,0.007649
1950s,male,Desmond,0.007532
1950s,female,Mary,0.139496
1950s,female,Patricia,0.082945
1950s,female,Linda,0.061196
1950s,female,Barbara,0.049319
1950s,female,Elizabeth,0.041719
1950s,female,Jennifer,0.036387
1950s,female,Maria,0.032414
1950s,female,Susan,0.029325
1950s,female,Margaret,0.026846
1950s,female,Dorothy,0.024806
1950s,female,Lisa,0.023095
1950s,female,Nancy,0.021636
1950s,female,Karen,0.020375
1950s,female,Betty,0.019274
1950s,female,Helen,0.018302
1950s,female,Sandra,0.017437
1950s,female,Donna,0.016662
1950s,female,Carol,0.015963
1950s,female,Ruth,0.015328
1950s,female,Sharon,0.014750
1950s,female,Michelle,0.014220
1950s,female,Laura,0.013732
1950s,female,Sarah,0.013282
1950s,female,Kimberly,0.012865
1950s,female,Deborah,0.012477
1950s,female,Jessica,0.012115
1950s,female,Emily,0.011777
1950s,female,Ashley,0.011460
1950s,female,Amanda,0.011163
1950s,female,Melissa,0.010882
1950s,female,Hannah,0.010618
1950s,female,Rebecca,0.010368
1950s,female,Samantha,0.010132
1950s,female,Emma,0.009907
1950s,female,Olivia,0.009694
1950s,female,Isabella,0.009492
1950s,female,Charlotte,0.009298
1950s,female,Sophia,0.009114
1950s,female,Mia,0.008938
1950s,female,Amelia,0.008770
1950s,female,Evelyn,0.008609
1950s,female,Harper,0.008455
1950s,female,Avery,0.008307
1950s,female,Luna,0.008165
1950s,female,Ella,0.008029
1950s,female,Molly,0.007898
1950s,female,Nova,0.007771
1950s,female,Iris,0.007649
1950s,female,Maeve,0.007532
1960s,male,James,0.139496
1960s,male,John,0.082945
1960s,male,Robert,0.061196
1960s,male,Michael,0.049319
1960s,male,William,0.041719
1960s,male,David,0.036387
1960s,male,Richard,0.032414
1960s,male,Joseph,0.029325
1960s,male,Thomas,0.026846
1960s,male,Charles,0.024806
1960s,male,Christopher,0.023095
1960s,male,Daniel,0.021636
1960s,male,Matthew,0.020375
1960s,male,Anthony,0.019274
1960s,male,Mark,0.018302
1960s,male,Donald,0.017437
1960s,male,Paul,0.016662
1960s,male,Steven,0.015963
1960s,male,Andrew,0.015328
1960s,male,Edward,0.014750
1960s,male,Joshua,0.014220
1960s,male,Kevin,0.013732
1960s,male,Brian,0.013282
1960s,male,George,0.012865
1960s,male,Timothy,0.012477
1960s,male,Ronald,0.012115
1960s,male,Jason,0.011777
1960s,male,Jeffrey,0.011460
1960s,male,Ryan,0.011163
1960s,male,Eric,0.010882
1960s,male,Jacob,0.010618
1960s,male,Nicholas,0.010368
1960s,male,Adam,0.010132
1960s,male,Benjamin,0.009907
1960s,male,Samuel,0.009694
1960s,male,Henry,0.009492
1960s,male,Alexander,0.009298
1960s,male,Noah,0.009114
1960s,male,Ethan,0.008938
1960s,male,Lucas,0.008770
1960s,male,Logan,0.008609
1960s,male,Mason,0.008455
1960s,male,Oliver,0.008307
1960s,male,Elijah,0.008165
1960s,male,Aiden,0.008029
1960s,male,Jayden,0.007898
1960s,male,Liam,0.007771
1960s,male,Theo,0.007649
1960s,male,Leo,0.007532
1960s,female,Mary,0.139496
1960s,female,Patricia,0.082945
1960s,female,Linda,0.061196
1960s,female,Barbara,0.049319
1960s,female,Elizabeth,0.041719
1960s,female,Jennifer,0.036387
1960s,female,Maria,0.032414
1960s,female,Susan,0.029325
1960s,female,Margaret,0.026846
1960s,female,Dorothy,0.024806
1960s,female,Lisa,0.023095
1960s,female,Nancy,0.021636
1960s,female,Karen,0.020375
1960s,female,Betty,0.019274
1960s,female,Helen,0.018302
1960s,female,Sandra,0.017437
1960s,female,Donna,0.016662
1960s,female,Carol,0.015963
1960s,female,Ruth,0.015328
1960s,female,Sharon,0.014750
1960s,female,Michelle,0.014220
1960s,female,Laura,0.013732
1960s,female,Sarah,0.013282
1960s,female,Kimberly,0.012865
1960s,female,Deborah,0.012477
1960s,female,Jessica,0.012115
1960s,female,Emily,0.011777
1960s,female,Ashley,0.011460
1960s,female,Amanda,0.011163
1960s,female,Melissa,0.010882
1960s,female,Hannah,0.010618
1960s,female,Rebecca,0.010368
1960s,female,Samantha,0.010132
1960s,female,Emma,0.009907
1960s,female,Olivia,0.009694
1960s,female,Isabella,0.009492
1960s,female,Charlotte,0.009298
1960s,female,Sophia,0.009114
1960s,female,Mia,0.008938
1960s,female,Amelia,0.008770
1960s,female,Evelyn,0.008609
1960s,female,Harper,0.008455
1960s,female,Avery,0.008307
1960s,female,Luna,0.008165
1960s,female,Ella,0.008029
1960s,female,Aria,0.007898
1960s,female,Nova,0.007771
1960s,female,Iris,0.007649
1960s,female,Maeve,0.007532
1970s,male,James,0.139496
1970s,male,John,0.082945
1970s,male,Robert,0.061196
1970s,male,Michael,0.049319
1970s,male,William,0.041719
1970s,male,David,0.036387
1970s,male,Richard,0.032414
1970s,male,Joseph,0.029325
1970s,male,Thomas,0.026846
1970s,male,Charles,0.024806
1970s,male,Christopher,0.023095
1970s,male,Daniel,0.021636
1970s,male,Matthew,0.020375
1970s,male,Anthony,0.019274
1970s,male,Mark,0.018302
1970s,male,Donald,0.017437
1970s,male,Paul,0.016662
1970s,male,Steven,0.015963
1970s,male,Andrew,0.015328
1970s,male,Edward,0.014750
1970s,male,Joshua,0.014220
1970s,male,Kevin,0.013732
1970s,male,Brian,0.013282
1970s,male,George,0.012865
1970s,male,Timothy,0.012477
1970s,male,Ronald,0.012115
1970s,male,Jason,0.011777
1970s,male,Jeffrey,0.011460
1970s,male,Ryan,0.011163
1970s,male,Eric,0.010882
1970s,male,Jacob,0.010618
1970s,male,Nicholas,0.010368
1970s,male,Adam,0.010132
1970s,male,Benjamin,0.009907
1970s,male,Samuel,0.009694
1970s,male,Henry,0.009492
1970s,male,Alexander,0.009298
1970s,male,Noah,0.009114
1970s,male,Ethan,0.008938
1970s,male,Lucas,0.008770
1970s,male,Logan,0.008609
1970s,male,Mason,0.008455
1970s,male,Oliver,0.008307
1970s,male,Elijah,0.008165
1970s,male,Aiden,0.008029
1970s,male,Jayden,0.007898
1970s,male,Liam,0.007771
1970s,male,Theo,0.007649
1970s,male,Leo,0.007532
1970s,female,Mary,0.139496
1970s,female,Patricia,0.082945
1970s,female,Linda,0.061196
1970s,female,Barbara,0.049319
1970s,female,Elizabeth,0.041719
1970s,female,Jennifer,0.036387
1970s,female,Maria,0.032414
1970s,female,Susan,0.029325
1970s,female,Margaret,0.026846
1970s,female,Dorothy,0.024806
1970s,female,Lisa,0.023095
1970s,female,Nancy,0.021636
1970s,female,Karen,0.020375
1970s,female,Betty,0.019274
1970s,female,Helen,0.018302
1970s,female,Sandra,0.017437
1970s,female,Donna,0.016662
1970s,female,Carol,0.015963
1970s,female,Ruth,0.015328
1970s,female,Sharon,0.014750
1970s,female,Michelle,0.014220
1970s,female,Laura,0.013732
1970s,female,Sarah,0.013282
1970s,female,Kimberly,0.012865
1970s,female,Deborah,0.012477
1970s,female,Jessica,0.012115
1970s,female,Emily,0.011777
1970s,female,Ashley,0.011460
1970s,female,Amanda,0.011163
1970s,female,Melissa,0.010882
1970s,female,Hannah,0.010618
1970s,female,Rebecca,0.010368
1970s,female,Samantha,0.010132
1970s,female,Emma,0.009907
1970s,female,Olivia,0.009694
1970s,female,Isabella,0.009492
1970s,female,Charlotte,0.009298
1970s,female,Sophia,0.009114
1970s,female,Mia,0.008938
1970s,female,Amelia,0.008770
1970s,female,Evelyn,0.008609
1970s,female,Harper,0.008455
1970s,female,Avery,0.008307
1970s,female,Luna,0.008165
1970s,female,Ella,0.008029
1970s,female,Aria,0.007898
1970s,female,Nova,0.007771
1970s,female,Iris,0.007649
1970s,female,Maeve,0.007532
1980s,male,James,0.139496
1980s,male,John,0.082945
1980s,male,Robert,0.061196
1980s,male,Michael,0.049319
1980s,male,William,0.041719
1980s,male,David,0.036387
1980s,male,Richard,0.032414
1980s,male,Joseph,0.029325
1980s,male,Thomas,0.026846
1980s,male,Charles,0.024806
1980s,male,Christopher,0.023095
1980s,male,Daniel,0.021636
1980s,male,Matthew,0.020375
1980s,male,Anthony,0.019274
1980s,male,Mark,0.018302
1980s,male,Donald,0.017437
1980s,male,Paul,0.016662
1980s,male,Steven,0.015963
1980s,male,Andrew,0.015328
1980s,male,Edward,0.014750
1980s,male,Joshua,0.014220
1980s,male,Kevin,0.013732
1980s,male,Brian,0.013282
1980s,male,George,0.012865
1980s,male,Timothy,0.012477
1980s,male,Ronald,0.012115
1980s,male,Jason,0.011777
1980s,male,Jeffrey,0.011460
1980s,male,Ryan,0.011163
1980s,male,Eric,0.010882
1980s,male,Jacob,0.010618
1980s,male,Nicholas,0.010368
1980s,male,Adam,0.010132
1980s,male,Benjamin,0.009907
1980s,male,Samuel,0.009694
1980s,male,Henry,0.009492
1980s,male,Alexander,0.009298
1980s,male,Noah,0.009114
1980s,male,Ethan,0.008938
1980s,male,Lucas,0.008770
1980s,male,Logan,0.008609
1980s,male,Mason,0.008455
1980s,male,Oliver,0.008307
1980s,male,Elijah,0.008165
1980s,male,Aiden,0.008029
1980s,male,Jayden,0.007898
1980s,male,Liam,0.007771
1980s,male,Theo,0.007649
1980s,male,Leo,0.007532
1980s,female,Mary,0.139496
1980s,female,Patricia,0.082945
1980s,female,Linda,0.061196
1980s,female,Barbara,0.049319
1980s,female,Elizabeth,0.041719
1980s,female,Jennifer,0.036387
1980s,female,Maria,0.032414
1980s,female,Susan,0.029325
1980s,female,Margaret,0.026846
1980s,female,Dorothy,0.024806
1980s,female,Lisa,0.023095
1980s,female,Nancy,0.021636
1980s,female,Karen,0.020375
1980s,female,Betty,0.019274
1980s,female,Helen,0.018302
1980s,female,Sandra,0.017437
1980s,female,Donna,0.016662
1980s,female,Carol,0.015963
1980s,female,Ruth,0.015328
1980s,female,Sharon,0.014750
1980s,female,Michelle,0.014220
1980s,female,Laura,0.013732
1980s,female,Sarah,0.013282
1980s,female,Kimberly,0.012865
1980s,female,Deborah,0.012477
1980s,female,Jessica,0.012115
1980s,female,Emily,0.011777
1980s,female,Ashley,0.011460
1980s,female,Amanda,0.011163
1980s,female,Melissa,0.010882
1980s,female,Hannah,0.010618
1980s,female,Rebecca,0.010368
1980s,female,Samantha,0.010132
1980s,female,Emma,0.009907
1980s,female,Olivia,0.009694
1980s,female,Isabella,0.009492
1980s,female,Charlotte,0.009298
1980s,female,Sophia,0.009114
1980s,female,Mia,0.008938
1980s,female,Amelia,0.008770
1980s,female,Evelyn,0.008609
1980s,female,Harper,0.008455
1980s,female,Avery,0.008307
1980s,female,Luna,0.008165
1980s,female,Ella,0.008029
1980s,female,Aria,0.007898
1980s,female,Nova,0.007771
1980s,female,Iris,0.007649
1980s,female,Maeve,0.007532
1990s,male,James,0.139496
1990s,male,John,0.082945
1990s,male,Robert,0.061196
1990s,male,Michael,0.049319
1990s,male,William,0.041719
1990s,male,David,0.036387
1990s,male,Richard,0.032414
1990s,male,Joseph,0.029325
1990s,male,Thomas,0.026846
1990s,male,Charles,0.024806
1990s,male,Christopher,0.023095
1990s,male,Daniel,0.021636
1990s,male,Matthew,0.020375
1990s,male,Anthony,0.019274
1990s,male,Mark,0.018302
1990s,male,Donald,0.017437
1990s,male,Paul,0.016662
1990s,male,Steven,0.015963
1990s,male,Andrew,0.015328
1990s,male,Edward,0.014750
1990s,male,Joshua,0.014220
1990s,male,Kevin,0.013732
1990s,male,Brian,0.013282
1990s,male,George,0.012865
1990s,male,Timothy,0.012477
1990s,male,Ronald,0.012115
1990s,male,Jason,0.011777
1990s,male,Jeffrey,0.011460
1990s,male,Ryan,0.011163
1990s,male,Eric,0.010882
1990s,male,Jacob,0.010618
1990s,male,Nicholas,0.010368
1990s,male,Adam,0.010132
1990s,male,Benjamin,0.009907
1990s,male,Samuel,0.009694
1990s,male,Henry,0.009492
1990s,male,Alexander,0.009298
1990s,male,Noah,0.009114
1990s,male,Ethan,0.008938
1990s,male,Lucas,0.008770
1990s,male,Logan,0.008609
1990s,male,Mason,0.008455
1990s,male,Oliver,0.008307
1990s,male,Elijah,0.008165
1990s,male,Aiden,0.008029
1990s,male,Jayden,0.007898
1990s,male,Liam,0.007771
1990s,male,Theo,0.007649
1990s,male,Leo,0.007532
1990s,female,Mary,0.139496
1990s,female,Patricia,0.082945
1990s,female,Linda,0.061196
1990s,female,Barbara,0.049319
1990s,female,Elizabeth,0.041719
1990s,female,Jennifer,0.036387
1990s,female,Maria,0.032414
1990s,female,Susan,0.029325
1990s,female,Margaret,0.026846
1990s,female,Dorothy,0.024806
1990s,female,Lisa,0.023095
1990s,female,Nancy,0.021636
1990s,female,Karen,0.020375
1990s,female,Betty,0.019274
1990s,female,Helen,0.018302
1990s,female,Sandra,0.017437
1990s,female,Donna,0.016662
1990s,female,Carol,0.015963
1990s,female,Ruth,0.015328
1990s,female,Sharon,0.014750
1990s,female,Michelle,0.014220
1990s,female,Laura,0.013732
1990s,female,Sarah,0.013282
1990s,female,Kimberly,0.012865
1990s,female,Deborah,0.012477
1990s,female,Jessica,0.012115
1990s,female,Emily,0.011777
1990s,female,Ashley,0.011460
1990s,female,Amanda,0.011163
1990s,female,Melissa,0.010882
1990s,female,Hannah,0.010618
1990s,female,Rebecca,0.010368
1990s,female,Samantha,0.010132
1990s,female,Emma,0.009907
1990s,female,Olivia,0.009694
1990s,female,Isabella,0.009492
1990s,female,Charlotte,0.009298
1990s,female,Sophia,0.009114
1990s,female,Mia,0.008938
1990s,female,Amelia,0.008770
1990s,female,Evelyn,0.008609
1990s,female,Harper,0.008455
1990s,female,Avery,0.008307
1990s,female,Luna,0.008165
1990s,female,Ella,0.008029
1990s,female,Aria,0.007898
1990s,female,Nova,0.007771
1990s,female,Iris,0.007649
1990s,female,Maeve,0.007532
2000s,male,James,0.139496
2000s,male,John,0.082945
2000s,male,Robert,0.061196
2000s,male,Michael,0.049319
2000s,male,William,0.041719
2000s,male,David,0.036387
2000s,male,Richard,0.032414
2000s,male,Joseph,0.029325
2000s,male,Thomas,0.026846
2000s,male,Charles,0.024806
2000s,male,Christopher,0.023095
2000s,male,Daniel,0.021636
2000s,male,Matthew,0.020375
2000s,male,Anthony,0.019274
2000s,male,Mark,0.018302
2000s,male,Donald,0.017437
2000s,male,Paul,0.016662
2000s,male,Steven,0.015963
2000s,male,Andrew,0.015328
2000s,male,Edward,0.014750
2000s,male,Joshua,0.014220
2000s,male,Kevin,0.013732
2000s,male,Brian,0.013282
2000s,male,George,0.012865
2000s,male,Timothy,0.012477
2000s,male,Ronald,0.012115
2000s,male,Jason,0.011777
2000s,male,Jeffrey,0.011460
2000s,male,Ryan,0.011163
2000s,male,Eric,0.010882
2000s,male,Jacob,0.010618
2000s,male,Nicholas,0.010368
2000s,male,Adam,0.010132
2000s,male,Benjamin,0.009907
2000s,male,Samuel,0.009694
2000s,male,Henry,0.009492
2000s,male,Alexander,0.009298
2000s,male,Noah,0.009114
2000s,male,Ethan,0.008938
2000s,male,Lucas,0.008770
2000s,male,Logan,0.008609
2000s,male,Mason,0.008455
2000s,male,Oliver,0.008307
2000s,male,Elijah,0.008165
2000s,male,Aiden,0.008029
2000s,male,Jayden,0.007898
2000s,male,Liam,0.007771
2000s,male,Theo,0.007649
2000s,male,Leo,0.007532
2000s,female,Mary,0.139496
2000s,female,Patricia,0.082945
2000s,female,Linda,0.061196
2000s,female,Barbara,0.049319
2000s,female,Elizabeth,0.041719
2000s,female,Jennifer,0.036387
2000s,female,Maria,0.032414
2000s,female,Susan,0.029325
2000s,female,Margaret,0.026846
2000s,female,Dorothy,0.024806
2000s,female,Lisa,0.023095
2000s,female,Nancy,0.021636
2000s,female,Karen,0.020375
2000s,female,Betty,0.019274
2000s,female,Helen,0.018302
2000s,female,Sandra,0.017437
2000s,female,Donna,0.016662
2000s,female,Carol,0.015963
2000s,female,Ruth,0.015328
2000s,female,Sharon,0.014750
2000s,female,Michelle,0.014220
2000s,female,Laura,0.013732
2000s,female,Sarah,0.013282
2000s,female,Kimberly,0.012865
2000s,female,Deborah,0.012477
2000s,female,Jessica,0.012115
2000s,female,Emily,0.011777
2000s,female,Ashley,0.011460
2000s,female,Amanda,0.011163
2000s,female,Melissa,0.010882
2000s,female,Hannah,0.010618
2000s,female,Rebecca,0.010368
2000s,female,Samantha,0.010132
2000s,female,Emma,0.009907
2000s,female,Olivia,0.009694
2000s,female,Isabella,0.009492
2000s,female,Charlotte,0.009298
2000s,female,Sophia,0.009114
2000s,female,Mia,0.008938
2000s,female,Amelia,0.008770
2000s,female,Evelyn,0.008609
2000s,female,Harper,0.008455
2000s,female,Avery,0.008307
2000s,female,Luna,0.008165
2000s,female,Ella,0.008029
2000s,female,Aria,0.007898
2000s,female,Nova,0.007771
2000s,female,Iris,0.007649
2000s,female,Maeve,0.007532
2010s,male,James,0.139496
2010s,male,John,0.082945
2010s,male,Robert,0.061196
2010s,male,Michael,0.049319
2010s,male,William,0.041719
2010s,male,David,0.036387
2010s,male,Richard,0.032414
2010s,male,Joseph,0.029325
2010s,male,Thomas,0.026846
2010s,male,Charles,0.024806
2010s,male,Christopher,0.023095
2010s,male,Daniel,0.021636
2010s,male,Matthew,0.020375
2010s,male,Anthony,0.019274
2010s,male,Mark,0.018302
2010s,male,Donald,0.017437
2010s,male,Paul,0.016662
2010s,male,Steven,0.015963
2010s,male,Andrew,0.015328
2010s,male,Edward,0.014750
2010s,male,Joshua,0.014220
2010s,male,Kevin,0.013732
2010s,male,Brian,0.013282
2010s,male,George,0.012865
2010s,male,Timothy,0.012477
2010s,male,Ronald,0.012115
2010s,male,Jason,0.011777
2010s,male,Jeffrey,0.011460
2010s,male,Ryan,0.011163
2010s,male,Eric,0.010882
2010s,male,Jacob,0.010618
2010s,male,Nicholas,0.010368
2010s,male,Adam,0.010132
2010s,male,Benjamin,0.009907
2010s,male,Samuel,0.009694
2010s,male,Henry,0.009492
2010s,male,Alexander,0.009298
2010s,male,Noah,0.009114
2010s,male,Ethan,0.008938
2010s,male,Lucas,0.008770
2010s,male,Logan,0.008609
2010s,male,Mason,0.008455
2010s,male,Oliver,0.008307
2010s,male,Elijah,0.008165
2010s,male,Aiden,0.008029
2010s,male,Jayden,0.007898
2010s,male,Liam,0.007771
2010s,male,Theo,0.007649
2010s,male,Leo,0.007532
2010s,female,Mary,0.139496
2010s,female,Patricia,0.082945
2010s,female,Linda,0.061196
2010s,female,Barbara,0.049319
2010s,female,Elizabeth,0.041719
2010s,female,Jennifer,0.036387
2010s,female,Maria,0.032414
2010s,female,Susan,0.029325
2010s,female,Margaret,0.026846
2010s,female,Dorothy,0.024806
2010s,female,Lisa,0.023095
2010s,female,Nancy,0.021636
2010s,female,Karen,0.020375
2010s,female,Betty,0.019274
2010s,female,Helen,0.018302
2010s,female,Sandra,0.017437
2010s,female,Donna,0.016662
2010s,female,Carol,0.015963
2010s,female,Ruth,0.015328
2010s,female,Sharon,0.014750
2010s,female,Michelle,0.014220
2010s,female,Laura,0.013732
2010s,female,Sarah,0.013282
2010s,female,Kimberly,0.012865
2010s,female,Deborah,0.012477
2010s,female,Jessica,0.012115
2010s,female,Emily,0.011777
2010s,female,Ashley,0.011460
2010s,female,Amanda,0.011163
2010s,female,Melissa,0.010882
2010s,female,Hannah,0.010618
2010s,female,Rebecca,0.010368
2010s,female,Samantha,0.010132
2010s,female,Emma,0.009907
2010s,female,Olivia,0.009694
2010s,female,Isabella,0.009492
2010s,female,Charlotte,0.009298
2010s,female,Sophia,0.009114
2010s,female,Mia,0.008938
2010s,female,Amelia,0.008770
2010s,female,Evelyn,0.008609
2010s,female,Harper,0.008455
2010s,female,Avery,0.008307
2010s,female,Luna,0.008165
2010s,female,Ella,0.008029
2010s,female,Aria,0.007898
2010s,female,Nova,0.007771
2010s,female,Iris,0.007649
2010s,female,Maeve,0.007532
2020s,male,James,0.139496
2020s,male,John,0.082945
2020s,male,Robert,0.061196
2020s,male,Michael,0.049319
2020s,male,William,0.041719
2020s,male,David,0.036387
2020s,male,Richard,0.032414
2020s,male,Joseph,0.029325
2020s,male,Thomas,0.026846
2020s,male,Charles,0.024806
2020s,male,Christopher,0.023095
2020s,male,Daniel,0.021636
2020s,male,Matthew,0.020375
2020s,male,Anthony,0.019274
2020s,male,Mark,0.018302
2020s,male,Donald,0.017437
2020s,male,Paul,0.016662
2020s,male,Steven,0.015963
2020s,male,Andrew,0.015328
2020s,male,Edward,0.014750
2020s,male,Joshua,0.014220
2020s,male,Kevin,0.013732
2020s,male,Brian,0.013282
2020s,male,George,0.012865
2020s,male,Timothy,0.012477
2020s,male,Ronald,0.012115
2020s,male,Jason,0.011777
2020s,male,Jeffrey,0.011460
2020s,male,Ryan,0.011163
2020s,male,Eric,0.010882
2020s,male,Jacob,0.010618
2020s,male,Nicholas,0.010368
2020s,male,Adam,0.010132
2020s,male,Benjamin,0.009907
2020s,male,Samuel,0.009694
2020s,male,Henry,0.009492
2020s,male,Alexander,0.009298
2020s,male,Noah,0.009114
2020s,male,Ethan,0.008938
2020s,male,Lucas,0.008770
2020s,male,Logan,0.008609
2020s,male,Mason,0.008455
2020s,male,Oliver,0.008307
2020s,male,Elijah,0.008165
2020s,male,Aiden,0.008029
2020s,male,Jayden,0.007898
2020s,male,Liam,0.007771
2020s,male,Theo,0.007649
2020s,male,Leo,0.007532
2020s,female,Mary,0.139496
2020s,female,Patricia,0.082945
2020s,female,Linda,0.061196
2020s,female,Barbara,0.049319
2020s,female,Elizabeth,0.041719
2020s,female,Jennifer,0.036387
2020s,female,Maria,0.032414
2020s,female,Susan,0.029325
2020s,female,Margaret,0.026846
2020s,female,Dorothy,0.024806
2020s,female,Lisa,0.023095
2020s,female,Nancy,0.021636
2020s,female,Karen,0.020375
2020s,female,Betty,0.019274
2020s,female,Helen,0.018302
2020s,female,Sandra,0.017437
2020s,female,Donna,0.016662
2020s,female,Carol,0.015963
2020s,female,Ruth,0.015328
2020s,female,Sharon,0.014750
2020s,female,Michelle,0.014220
2020s,female,Laura,0.013732
2020s,female,Sarah,0.013282
2020s,female,Kimberly,0.012865
2020s,female,Deborah,0.012477
2020s,female,Jessica,0.012115
2020s,female,Emily,0.011777
2020s,female,Ashley,0.011460
2020s,female,Amanda,0.011163
2020s,female,Melissa,0.010882
2020s,female,Hannah,0.010618
2020s,female,Rebecca,0.010368
2020s,female,Samantha,0.010132
2020s,female,Emma,0.009907
2020s,female,Olivia,0.009694
2020s,female,Isabella,0.009492
2020s,female,Charlotte,0.009298
2020s,female,Sophia,0.009114
2020s,female,Mia,0.008938
2020s,female,Amelia,0.008770
2020s,female,Evelyn,0.008609
2020s,female,Harper,0.008455
2020s,female,Avery,0.008307
2020s,female,Luna,0.008165
2020s,female,Ella,0.008029
2020s,female,Aria,0.007898
2020s,female,Nova,0.007771
2020s,female,Iris,0.007649
2020s,female,Maeve,0.007532
2030s,male,James,0.139496
2030s,male,John,0.082945
2030s,male,Robert,0.061196
2030s,male,Michael,0.049319
2030s,male,William,0.041719
2030s,male,David,0.036387
2030s,male,Richard,0.032414
2030s,male,Joseph,0.029325
2030s,male,Thomas,0.026846
2030s,male,Charles,0.024806
2030s,male,Christopher,0.023095
2030s,male,Daniel,0.021636
2030s,male,Matthew,0.020375
2030s,male,Anthony,0.019274
2030s,male,Mark,0.018302
2030s,male,Donald,0.017437
2030s,male,Paul,0.016662
2030s,male,Steven,0.015963
2030s,male,Andrew,0.015328
2030s,male,Edward,0.014750
2030s,male,Joshua,0.014220
2030s,male,Kevin,0.013732
2030s,male,Brian,0.013282
2030s,male,George,0.012865
2030s,male,Timothy,0.012477
2030s,male,Ronald,0.012115
2030s,male,Jason,0.011777
2030s,male,Jeffrey,0.011460
2030s,male,Ryan,0.011163
2030s,male,Eric,0.010882
2030s,male,Jacob,0.010618
2030s,male,Nicholas,0.010368
2030s,male,Adam,0.010132
2030s,male,Benjamin,0.009907
2030s,male,Samuel,0.009694
2030s,male,Henry,0.009492
2030s,male,Alexander,0.009298
2030s,male,Noah,0.009114
2030s,male,Ethan,0.008938
2030s,male,Lucas,0.008770
2030s,male,Logan,0.008609
2030s,male,Mason,0.008455
2030s,male,Oliver,0.008307
2030s,male,Elijah,0.008165
2030s,male,Aiden,0.008029
2030s,male,Jayden,0.007898
2030s,male,Liam,0.007771
2030s,male,Theo,0.007649
2030s,male,Leo,0.007532
2030s,female,Mary,0.139496
2030s,female,Patricia,0.082945
2030s,female,Linda,0.061196
2030s,female,Barbara,0.049319
2030s,female,Elizabeth,0.041719
2030s,female,Jennifer,0.036387
2030s,female,Maria,0.032414
2030s,female,Susan,0.029325
2030s,female,Margaret,0.026846
2030s,female,Dorothy,0.024806
2030s,female,Lisa,0.023095
2030s,female,Nancy,0.021636
2030s,female,Karen,0.020375
2030s,female,Betty,0.019274
2030s,female,Helen,0.018302
2030s,female,Sandra,0.017437
2030s,female,Donna,0.016662
2030s,female,Carol,0.015963
2030s,female,Ruth,0.015328
2030s,female,Sharon,0.014750
2030s,female,Michelle,0.014220
2030s,female,Laura,0.013732
2030s,female,Sarah,0.013282
2030s,female,Kimberly,0.012865
2030s,female,Deborah,0.012477
2030s,female,Jessica,0.012115
2030s,female,Emily,0.011777
2030s,female,Ashley,0.011460
2030s,female,Amanda,0.011163
2030s,female,Melissa,0.010882
2030s,female,Hannah,0.010618
2030s,female,Rebecca,0.010368
2030s,female,Samantha,0.010132
2030s,female,Emma,0.009907
2030s,female,Olivia,0.009694
2030s,female,Isabella,0.009492
2030s,female,Charlotte,0.009298
2030s,female,Sophia,0.009114
2030s,female,Mia,0.008938
2030s,female,Amelia,0.008770
2030s,female,Evelyn,0.008609
2030s,female,Harper,0.008455
2030s,female,Avery,0.008307
2030s,female,Luna,0.008165
2030s,female,Ella,0.008029
2030s,female,Aria,0.007898
2030s,female,Nova,0.007771
2030s,female,Iris,0.007649
2030s,female,Maeve,0.007532
2040s,male,James,0.139496
2040s,male,John,0.082945
2040s,male,Robert,0.061196
2040s,male,Michael,0.049319
2040s,male,William,0.041719
2040s,male,David,0.036387
2040s,male,Richard,0.032414
2040s,male,Joseph,0.029325
2040s,male,Thomas,0.026846
2040s,male,Charles,0.024806
2040s,male,Christopher,0.023095
2040s,male,Daniel,0.021636
2040s,male,Matthew,0.020375
2040s,male,Anthony,0.019274
2040s,male,Mark,0.018302
2040s,male,Donald,0.017437
2040s,male,Paul,0.016662
2040s,male,Steven,0.015963
2040s,male,Andrew,0.015328
2040s,male,Edward,0.014750
2040s,male,Joshua,0.014220
2040s,male,Kevin,0.013732
2040s,male,Brian,0.013282
2040s,male,George,0.012865
2040s,male,Timothy,0.012477
2040s,male,Ronald,0.012115
2040s,male,Jason,0.011777
2040s,male,Jeffrey,0.011460
2040s,male,Ryan,0.011163
2040s,male,Eric,0.010882
2040s,male,Jacob,0.010618
2040s,male,Nicholas,0.010368
2040s,male,Adam,0.010132
2040s,male,Benjamin,0.009907
2040s,male,Samuel,0.009694
2040s,male,Henry,0.009492
2040s,male,Alexander,0.009298
2040s,male,Noah,0.009114
2040s,male,Ethan,0.008938
2040s,male,Lucas,0.008770
2040s,male,Logan,0.008609
2040s,male,Mason,0.008455
2040s,male,Oliver,0.008307
2040s,male,Elijah,0.008165
2040s,male,Aiden,0.008029
2040s,male,Jayden,0.007898
2040s,male,Liam,0.007771
2040s,male,Theo,0.007649
2040s,male,Leo,0.007532
2040s,female,Mary,0.139496
2040s,female,Patricia,0.082945
2040s,female,Linda,0.061196
2040s,female,Barbara,0.049319
2040s,female,Elizabeth,0.041719
2040s,female,Jennifer,0.036387
2040s,female,Maria,0.032414
2040s,female,Susan,0.029325
2040s,female,Margaret,0.026846
2040s,female,Dorothy,0.024806
2040s,female,Lisa,0.023095
2040s,female,Nancy,0.021636
2040s,female,Karen,0.020375
2040s,female,Betty,0.019274
2040s,female,Helen,0.018302
2040s,female,Sandra,0.017437
2040s,female,Donna,0.016662
2040s,female,Carol,0.015963
2040s,female,Ruth,0.015328
2040s,female,Sharon,0.014750
2040s,female,Michelle,0.014220
2040s,female,Laura,0.013732
2040s,female,Sarah,0.013282
2040s,female,Kimberly,0.012865
2040s,female,Deborah,0.012477
2040s,female,Jessica,0.012115
2040s,female,Emily,0.011777
2040s,female,Ashley,0.011460
2040s,female,Amanda,0.011163
2040s,female,Melissa,0.010882
2040s,female,Hannah,0.010618
2040s,female,Rebecca,0.010368
2040s,female,Samantha,0.010132
2040s,female,Emma,0.009907
2040s,female,Olivia,0.009694
2040s,female,Isabella,0.009492
2040s,female,Charlotte,0.009298
2040s,female,Sophia,0.009114
2040s,female,Mia,0.008938
2040s,female,Amelia,0.008770
2040s,female,Evelyn,0.008609
2040s,female,Harper,0.008455
2040s,female,Avery,0.008307
2040s,female,Luna,0.008165
2040s,female,Ella,0.008029
2040s,female,Aria,0.007898
2040s,female,Nova,0.007771
2040s,female,Iris,0.007649
2040s,female,Maeve,0.007532
2050s,male,James,0.139496
2050s,male,John,0.082945
2050s,male,Robert,0.061196
2050s,male,Michael,0.049319
2050s,male,William,0.041719
2050s,male,David,0.036387
2050s,male,Richard,0.032414
2050s,male,Joseph,0.029325
2050s,male,Thomas,0.026846
2050s,male,Charles,0.024806
2050s,male,Christopher,0.023095
2050s,male,Daniel,0.021636
2050s,male,Matthew,0.020375
2050s,male,Anthony,0.019274
2050s,male,Mark,0.018302
2050s,male,Donald,0.017437
2050s,male,Paul,0.016662
2050s,male,Steven,0.015963
2050s,male,Andrew,0.015328
2050s,male,Edward,0.014750
2050s,male,Joshua,0.014220
2050s,male,Kevin,0.013732
2050s,male,Brian,0.013282
2050s,male,George,0.012865
2050s,male,Timothy,0.012477
2050s,male,Ronald,0.012115
2050s,male,Jason,0.011777
2050s,male,Jeffrey,0.011460
2050s,male,Ryan,0.011163
2050s,male,Eric,0.010882
2050s,male,Jacob,0.010618
2050s,male,Nicholas,0.010368
2050s,male,Adam,0.010132
2050s,male,Benjamin,0.009907
2050s,male,Samuel,0.009694
2050s,male,Henry,0.009492
2050s,male,Alexander,0.009298
2050s,male,Noah,0.009114
2050s,male,Ethan,0.008938
2050s,male,Lucas,0.008770
2050s,male,Logan,0.008609
2050s,male,Mason,0.008455
2050s,male,Oliver,0.008307
2050s,male,Elijah,0.008165
2050s,male,Aiden,0.008029
2050s,male,Jayden,0.007898
2050s,male,Liam,0.007771
2050s,male,Theo,0.007649
2050s,male,Leo,0.007532
2050s,female,Mary,0.139496
2050s,female,Patricia,0.082945
2050s,female,Linda,0.061196
2050s,female,Barbara,0.049319
2050s,female,Elizabeth,0.041719
2050s,female,Jennifer,0.036387
2050s,female,Maria,0.032414
2050s,female,Susan,0.029325
2050s,female,Margaret,0.026846
2050s,female,Dorothy,0.024806
2050s,female,Lisa,0.023095
2050s,female,Nancy,0.021636
2050s,female,Karen,0.020375
2050s,female,Betty,0.019274
2050s,female,Helen,0.018302
2050s,female,Sandra,0.017437
2050s,female,Donna,0.016662
2050s,female,Carol,0.015963
2050s,female,Ruth,0.015328
2050s,female,Sharon,0.014750
2050s,female,Michelle,0.014220
2050s,female,Laura,0.013732
2050s,female,Sarah,0.013282
2050s,female,Kimberly,0.012865
2050s,female,Deborah,0.012477
2050s,female,Jessica,0.012115
2050s,female,Emily,0.011777
2050s,female,Ashley,0.011460
2050s,female,Amanda,0.011163
2050s,female,Melissa,0.010882
2050s,female,Hannah,0.010618
2050s,female,Rebecca,0.010368
2050s,female,Samantha,0.010132
2050s,female,Emma,0.009907
2050s,female,Olivia,0.009694
2050s,female,Isabella,0.009492
2050s,female,Charlotte,0.009298
2050s,female,Sophia,0.009114
2050s,female,Mia,0.008938
2050s,female,Amelia,0.008770
2050s,female,Evelyn,0.008609
2050s,female,Harper,0.008455
2050s,female,Avery,0.008307
2050s,female,Luna,0.008165
2050s,female,Ella,0.008029
2050s,female,Aria,0.007898
2050s,female,Nova,0.007771
2050s,female,Iris,0.007649
2050s,female,Maeve,0.007532
2060s,male,James,0.139496
2060s,male,John,0.082945
2060s,male,Robert,0.061196
2060s,male,Michael,0.049319
2060s,male,William,0.041719
2060s,male,David,0.036387
2060s,male,Richard,0.032414
2060s,male,Joseph,0.029325
2060s,male,Thomas,0.026846
2060s,male,Charles,0.024806
2060s,male,Christopher,0.023095
2060s,male,Daniel,0.021636
2060s,male,Matthew,0.020375
2060s,male,Anthony,0.019274
2060s,male,Mark,0.018302
2060s,male,Donald,0.017437
2060s,male,Paul,0.016662
2060s,male,Steven,0.015963
2060s,male,Andrew,0.015328
2060s,male,Edward,0.014750
2060s,male,Joshua,0.014220
2060s,male,Kevin,0.013732
2060s,male,Brian,0.013282
2060s,male,George,0.012865
2060s,male,Timothy,0.012477
2060s,male,Ronald,0.012115
2060s,male,Jason,0.011777
2060s,male,Jeffrey,0.011460
2060s,male,Ryan,0.011163
2060s,male,Eric,0.010882
2060s,male,Jacob,0.010618
2060s,male,Nicholas,0.010368
2060s,male,Adam,0.010132
2060s,male,Benjamin,0.009907
2060s,male,Samuel,0.009694
2060s,male,Henry,0.009492
2060s,male,Alexander,0.009298
2060s,male,Noah,0.009114
2060s,male,Ethan,0.008938
2060s,male,Lucas,0.008770
2060s,male,Logan,0.008609
2060s,male,Mason,0.008455
2060s,male,Oliver,0.008307
2060s,male,Elijah,0.008165
2060s,male,Aiden,0.008029
2060s,male,Jayden,0.007898
2060s,male,Liam,0.007771
2060s,male,Theo,0.007649
2060s,male,Leo,0.007532
2060s,female,Mary,0.139496
2060s,female,Patricia,0.082945
2060s,female,Linda,0.061196
2060s,female,Barbara,0.049319
2060s,female,Elizabeth,0.041719
2060s,female,Jennifer,0.036387
2060s,female,Maria,0.032414
2060s,female,Susan,0.029325
2060s,female,Margaret,0.026846
2060s,female,Dorothy,0.024806
2060s,female,Lisa,0.023095
2060s,female,Nancy,0.021636
2060s,female,Karen,0.020375
2060s,female,Betty,0.019274
2060s,female,Helen,0.018302
2060s,female,Sandra,0.017437
2060s,female,Donna,0.016662
2060s,female,Carol,0.015963
2060s,female,Ruth,0.015328
2060s,female,Sharon,0.014750
2060s,female,Michelle,0.014220
2060s,female,Laura,0.013732
2060s,female,Sarah,0.013282
2060s,female,Kimberly,0.012865
2060s,female,Deborah,0.012477
2060s,female,Jessica,0.012115
2060s,female,Emily,0.011777
2060s,female,Ashley,0.011460
2060s,female,Amanda,0.011163
2060s,female,Melissa,0.010882
2060s,female,Hannah,0.010618
2060s,female,Rebecca,0.010368
2060s,female,Samantha,0.010132
2060s,female,Emma,0.009907
2060s,female,Olivia,0.009694
2060s,female,Isabella,0.009492
2060s,female,Charlotte,0.009298
2060s,female,Sophia,0.009114
2060s,female,Mia,0.008938
2060s,female,Amelia,0.008770
2060s,female,Evelyn,0.008609
2060s,female,Harper,0.008455
2060s,female,Avery,0.008307
2060s,female,Luna,0.008165
2060s,female,Ella,0.008029
2060s,female,Aria,0.007898
2060s,female,Nova,0.007771
2060s,female,Iris,0.007649
2060s,female,Maeve,0.007532
2070s,male,James,0.139496
2070s,male,John,0.082945
2070s,male,Robert,0.061196
2070s,male,Michael,0.049319
2070s,male,William,0.041719
2070s,male,David,0.036387
2070s,male,Richard,0.032414
2070s,male,Joseph,0.029325
2070s,male,Thomas,0.026846
2070s,male,Charles,0.024806
2070s,male,Christopher,0.023095
2070s,male,Daniel,0.021636
2070s,male,Matthew,0.020375
2070s,male,Anthony,0.019274
2070s,male,Mark,0.018302
2070s,male,Donald,0.017437
2070s,male,Paul,0.016662
2070s,male,Steven,0.015963
2070s,male,Andrew,0.015328
2070s,male,Edward,0.014750
2070s,male,Joshua,0.014220
2070s,male,Kevin,0.013732
2070s,male,Brian,0.013282
2070s,male,George,0.012865
2070s,male,Timothy,0.012477
2070s,male,Ronald,0.012115
2070s,male,Jason,0.011777
2070s,male,Jeffrey,0.011460
2070s,male,Ryan,0.011163
2070s,male,Eric,0.010882
2070s,male,Jacob,0.010618
2070s,male,Nicholas,0.010368
2070s,male,Adam,0.010132
2070s,male,Benjamin,0.009907
2070s,male,Samuel,0.009694
2070s,male,Henry,0.009492
2070s,male,Alexander,0.009298
2070s,male,Noah,0.009114
2070s,male,Ethan,0.008938
2070s,male,Lucas,0.008770
2070s,male,Logan,0.008609
2070s,male,Mason,0.008455
2070s,male,Oliver,0.008307
2070s,male,Elijah,0.008165
2070s,male,Aiden,0.008029
2070s,male,Jayden,0.007898
2070s,male,Liam,0.007771
2070s,male,Theo,0.007649
2070s,male,Leo,0.007532
2070s,female,Mary,0.139496
2070s,female,Patricia,0.082945
2070s,female,Linda,0.061196
2070s,female,Barbara,0.049319
2070s,female,Elizabeth,0.041719
2070s,female,Jennifer,0.036387
2070s,female,Maria,0.032414
2070s,female,Susan,0.029325
2070s,female,Margaret,0.026846
2070s,female,Dorothy,0.024806
2070s,female,Lisa,0.023095
2070s,female,Nancy,0.021636
2070s,female,Karen,0.020375
2070s,female,Betty,0.019274
2070s,female,Helen,0.018302
2070s,female,Sandra,0.017437
2070s,female,Donna,0.016662
2070s,female,Carol,0.015963
2070s,female,Ruth,0.015328
2070s,female,Sharon,0.014750
2070s,female,Michelle,0.014220
2070s,female,Laura,0.013732
2070s,female,Sarah,0.013282
2070s,female,Kimberly,0.012865
2070s,female,Deborah,0.012477
2070s,female,Jessica,0.012115
2070s,female,Emily,0.011777
2070s,female,Ashley,0.011460
2070s,female,Amanda,0.011163
2070s,female,Melissa,0.010882
2070s,female,Hannah,0.010618
2070s,female,Rebecca,0.010368
2070s,female,Samantha,0.010132
2070s,female,Emma,0.009907
2070s,female,Olivia,0.009694
2070s,female,Isabella,0.009492
2070s,female,Charlotte,0.009298
2070s,female,Sophia,0.009114
2070s,female,Mia,0.008938
2070s,female,Amelia,0.008770
2070s,female,Evelyn,0.008609
2070s,female,Harper,0.008455
2070s,female,Avery,0.008307
2070s,female,Luna,0.008165
2070s,female,Ella,0.008029
2070s,female,Aria,0.007898
2070s,female,Nova,0.007771
2070s,female,Iris,0.007649
2070s,female,Maeve,0.007532
2080s,male,James,0.139496
2080s,male,John,0.082945
2080s,male,Robert,0.061196
2080s,male,Michael,0.049319
2080s,male,William,0.041719
2080s,male,David,0.036387
2080s,male,Richard,0.032414
2080s,male,Joseph,0.029325
2080s,male,Thomas,0.026846
2080s,male,Charles,0.024806
2080s,male,Christopher,0.023095
2080s,male,Daniel,0.021636
2080s,male,Matthew,0.020375
2080s,male,Anthony,0.019274
2080s,male,Mark,0.018302
2080s,male,Donald,0.017437
2080s,male,Paul,0.016662
2080s,male,Steven,0.015963
2080s,male,Andrew,0.015328
2080s,male,Edward,0.014750
2080s,male,Joshua,0.014220
2080s,male,Kevin,0.013732
2080s,male,Brian,0.013282
2080s,male,George,0.012865
2080s,male,Timothy,0.012477
2080s,male,Ronald,0.012115
2080s,male,Jason,0.011777
2080s,male,Jeffrey,0.011460
2080s,male,Ryan,0.011163
2080s,male,Eric,0.010882
2080s,male,Jacob,0.010618
2080s,male,Nicholas,0.010368
2080s,male,Adam,0.010132
2080s,male,Benjamin,0.009907
2080s,male,Samuel,0.009694
2080s,male,Henry,0.009492
2080s,male,Alexander,0.009298
2080s,male,Noah,0.009114
2080s,male,Ethan,0.008938
2080s,male,Lucas,0.008770
2080s,male,Logan,0.008609
2080s,male,Mason,0.008455
2080s,male,Oliver,0.008307
2080s,male,Elijah,0.008165
2080s,male,Aiden,0.008029
2080s,male,Jayden,0.007898
2080s,male,Liam,0.007771
2080s,male,Theo,0.007649
2080s,male,Leo,0.007532
2080s,female,Mary,0.139496
2080s,female,Patricia,0.082945
2080s,female,Linda,0.061196
2080s,female,Barbara,0.049319
2080s,female,Elizabeth,0.041719
2080s,female,Jennifer,0.036387
2080s,female,Maria,0.032414
2080s,female,Susan,0.029325
2080s,female,Margaret,0.026846
2080s,female,Dorothy,0.024806
2080s,female,Lisa,0.023095
2080s,female,Nancy,0.021636
2080s,female,Karen,0.020375
2080s,female,Betty,0.019274
2080s,female,Helen,0.018302
2080s,female,Sandra,0.017437
2080s,female,Donna,0.016662
2080s,female,Carol,0.015963
2080s,female,Ruth,0.015328
2080s,female,Sharon,0.014750
2080s,female,Michelle,0.014220
2080s,female,Laura,0.013732
2080s,female,Sarah,0.013282
2080s,female,Kimberly,0.012865
2080s,female,Deborah,0.012477
2080s,female,Jessica,0.012115
2080s,female,Emily,0.011777
2080s,female,Ashley,0.011460
2080s,female,Amanda,0.011163
2080s,female,Melissa,0.010882
2080s,female,Hannah,0.010618
2080s,female,Rebecca,0.010368
2080s,female,Samantha,0.010132
2080s,female,Emma,0.009907
2080s,female,Olivia,0.009694
2080s,female,Isabella,0.009492
2080s,female,Charlotte,0.009298
2080s,female,Sophia,0.009114
2080s,female,Mia,0.008938
2080s,female,Amelia,0.008770
2080s,female,Evelyn,0.008609
2080s,female,Harper,0.008455
2080s,female,Avery,0.008307
2080s,female,Luna,0.008165
2080s,female,Ella,0.008029
2080s,female,Aria,0.007898
2080s,female,Nova,0.007771
2080s,female,Iris,0.007649
2080s,female,Maeve,0.007532
2090s,male,James,0.139496
2090s,male,John,0.082945
2090s,male,Robert,0.061196
2090s,male,Michael,0.049319
2090s,male,William,0.041719
2090s,male,David,0.036387
2090s,male,Richard,0.032414
2090s,male,Joseph,0.029325
2090s,male,Thomas,0.026846
2090s,male,Charles,0.024806
2090s,male,Christopher,0.023095
2090s,male,Daniel,0.021636
2090s,male,Matthew,0.020375
2090s,male,Anthony,0.019274
2090s,male,Mark,0.018302
2090s,male,Donald,0.017437
2090s,male,Paul,0.016662
2090s,male,Steven,0.015963
2090s,male,Andrew,0.015328
2090s,male,Edward,0.014750
2090s,male,Joshua,0.014220
2090s,male,Kevin,0.013732
2090s,male,Brian,0.013282
2090s,male,George,0.012865
2090s,male,Timothy,0.012477
2090s,male,Ronald,0.012115
2090s,male,Jason,0.011777
2090s,male,Jeffrey,0.011460
2090s,male,Ryan,0.011163
2090s,male,Eric,0.010882
2090s,male,Jacob,0.010618
2090s,male,Nicholas,0.010368
2090s,male,Adam,0.010132
2090s,male,Benjamin,0.009907
2090s,male,Samuel,0.009694
2090s,male,Henry,0.009492
2090s,male,Alexander,0.009298
2090s,male,Noah,0.009114
2090s,male,Ethan,0.008938
2090s,male,Lucas,0.008770
2090s,male,Logan,0.008609
2090s,male,Mason,0.008455
2090s,male,Oliver,0.008307
2090s,male,Elijah,0.008165
2090s,male,Aiden,0.008029
2090s,male,Jayden,0.007898
2090s,male,Liam,0.007771
2090s,male,Theo,0.007649
2090s,male,Leo,0.007532
2090s,female,Mary,0.139496
2090s,female,Patricia,0.082945
2090s,female,Linda,0.061196
2090s,female,Barbara,0.049319
2090s,female,Elizabeth,0.041719
2090s,female,Jennifer,0.036387
2090s,female,Maria,0.032414
2090s,female,Susan,0.029325
2090s,female,Margaret,0.026846
2090s,female,Dorothy,0.024806
2090s,female,Lisa,0.023095
2090s,female,Nancy,0.021636
2090s,female,Karen,0.020375
2090s,female,Betty,0.019274
2090s,female,Helen,0.018302
2090s,female,Sandra,0.017437
2090s,female,Donna,0.016662
2090s,female,Carol,0.015963
2090s,female,Ruth,0.015328
2090s,female,Sharon,0.014750
2090s,female,Michelle,0.014220
2090s,female,Laura,0.013732
2090s,female,Sarah,0.013282
2090s,female,Kimberly,0.012865
2090s,female,Deborah,0.012477
2090s,female,Jessica,0.012115
2090s,female,Emily,0.011777
2090s,female,Ashley,0.011460
2090s,female,Amanda,0.011163
2090s,female,Melissa,0.010882
2090s,female,Hannah,0.010618
2090s,female,Rebecca,0.010368
2090s,female,Samantha,0.010132
2090s,female,Emma,0.009907
2090s,female,Olivia,0.009694
2090s,female,Isabella,0.009492
2090s,female,Charlotte,0.009298
2090s,female,Sophia,0.009114
2090s,female,Mia,0.008938
2090s,female,Amelia,0.008770
2090s,female,Evelyn,0.008609
2090s,female,Harper,0.008455
2090s,female,Avery,0.008307
2090s,female,Luna,0.008165
2090s,female,Ella,0.008029
2090s,female,Aria,0.007898
2090s,female,Nova,0.007771
2090s,female,Iris,0.007649
2090s,female,Maeve,0.007532
2100s,male,James,0.139496
2100s,male,John,0.082945
2100s,male,Robert,0.061196
2100s,male,Michael,0.049319
2100s,male,William,0.041719
2100s,male,David,0.036387
2100s,male,Richard,0.032414
2100s,male,Joseph,0.029325
2100s,male,Thomas,0.026846
2100s,male,Charles,0.024806
2100s,male,Christopher,0.023095
2100s,male,Daniel,0.021636
2100s,male,Matthew,0.020375
2100s,male,Anthony,0.019274
2100s,male,Mark,0.018302
2100s,male,Donald,0.017437
2100s,male,Paul,0.016662
2100s,male,Steven,0.015963
2100s,male,Andrew,0.015328
2100s,male,Edward,0.014750
2100s,male,Joshua,0.014220
2100s,male,Kevin,0.013732
2100s,male,Brian,0.013282
2100s,male,George,0.012865
2100s,male,Timothy,0.012477
2100s,male,Ronald,0.012115
2100s,male,Jason,0.011777
2100s,male,Jeffrey,0.011460
2100s,male,Ryan,0.011163
2100s,male,Eric,0.010882
2100s,male,Jacob,0.010618
2100s,male,Nicholas,0.010368
2100s,male,Adam,0.010132
2100s,male,Benjamin,0.009907
2100s,male,Samuel,0.009694
2100s,male,Henry,0.009492
2100s,male,Alexander,0.009298
2100s,male,Noah,0.009114
2100s,male,Ethan,0.008938
2100s,male,Lucas,0.008770
2100s,male,Logan,0.008609
2100s,male,Mason,0.008455
2100s,male,Oliver,0.008307
2100s,male,Elijah,0.008165
2100s,male,Aiden,0.008029
2100s,male,Jayden,0.007898
2100s,male,Liam,0.007771
2100s,male,Theo,0.007649
2100s,male,Leo,0.007532
2100s,female,Mary,0.139496
2100s,female,Patricia,0.082945
2100s,female,Linda,0.061196
2100s,female,Barbara,0.049319
2100s,female,Elizabeth,0.041719
2100s,female,Jennifer,0.036387
2100s,female,Maria,0.032414
2100s,female,Susan,0.029325
2100s,female,Margaret,0.026846
2100s,female,Dorothy,0.024806
2100s,female,Lisa,0.023095
2100s,female,Nancy,0.021636
2100s,female,Karen,0.020375
2100s,female,Betty,0.019274
2100s,female,Helen,0.018302
2100s,female,Sandra,0.017437
2100s,female,Donna,0.016662
2100s,female,Carol,0.015963
2100s,female,Ruth,0.015328
2100s,female,Sharon,0.014750
2100s,female,Michelle,0.014220
2100s,female,Laura,0.013732
2100s,female,Sarah,0.013282
2100s,female,Kimberly,0.012865
2100s,female,Deborah,0.012477
2100s,female,Jessica,0.012115
2100s,female,Emily,0.011777
2100s,female,Ashley,0.011460
2100s,female,Amanda,0.011163
2100s,female,Melissa,0.010882
2100s,female,Hannah,0.010618
2100s,female,Rebecca,0.010368
2100s,female,Samantha,0.010132
2100s,female,Emma,0.009907
2100s,female,Olivia,0.009694
2100s,female,Isabella,0.009492
2100s,female,Charlotte,0.009298
2100s,female,Sophia,0.009114
2100s,female,Mia,0.008938
2100s,female,Amelia,0.008770
2100s,female,Evelyn,0.008609
2100s,female,Harper,0.008455
2100s,female,Avery,0.008307
2100s,female,Luna,0.008165
2100s,female,Ella,0.008029
2100s,female,Aria,0.007898
2100s,female,Nova,0.007771
2100s,female,Iris,0.007649
2100s,female,Maeve,0.007532
2110s,male,James,0.139496
2110s,male,John,0.082945
2110s,male,Robert,0.061196
2110s,male,Michael,0.049319
2110s,male,William,0.041719
2110s,male,David,0.036387
2110s,male,Richard,0.032414
2110s,male,Joseph,0.029325
2110s,male,Thomas,0.026846
2110s,male,Charles,0.024806
2110s,male,Christopher,0.023095
2110s,male,Daniel,0.021636
2110s,male,Matthew,0.020375
2110s,male,Anthony,0.019274
2110s,male,Mark,0.018302
2110s,male,Donald,0.017437
2110s,male,Paul,0.016662
2110s,male,Steven,0.015963
2110s,male,Andrew,0.015328
2110s,male,Edward,0.014750
2110s,male,Joshua,0.014220
2110s,male,Kevin,0.013732
2110s,male,Brian,0.013282
2110s,male,George,0.012865
2110s,male,Timothy,0.012477
2110s,male,Ronald,0.012115
2110s,male,Jason,0.011777
2110s,male,Jeffrey,0.011460
2110s,male,Ryan,0.011163
2110s,male,Eric,0.010882
2110s,male,Jacob,0.010618
2110s,male,Nicholas,0.010368
2110s,male,Adam,0.010132
2110s,male,Benjamin,0.009907
2110s,male,Samuel,0.009694
2110s,male,Henry,0.009492
2110s,male,Alexander,0.009298
2110s,male,Noah,0.009114
2110s,male,Ethan,0.008938
2110s,male,Lucas,0.008770
2110s,male,Logan,0.008609
2110s,male,Mason,0.008455
2110s,male,Oliver,0.008307
2110s,male,Elijah,0.008165
2110s,male,Aiden,0.008029
2110s,male,Jayden,0.007898
2110s,male,Liam,0.007771
2110s,male,Theo,0.007649
2110s,male,Leo,0.007532
2110s,female,Mary,0.139496
2110s,female,Patricia,0.082945
2110s,female,Linda,0.061196
2110s,female,Barbara,0.049319
2110s,female,Elizabeth,0.041719
2110s,female,Jennifer,0.036387
2110s,female,Maria,0.032414
2110s,female,Susan,0.029325
2110s,female,Margaret,0.026846
2110s,female,Dorothy,0.024806
2110s,female,Lisa,0.023095
2110s,female,Nancy,0.021636
2110s,female,Karen,0.020375
2110s,female,Betty,0.019274
2110s,female,Helen,0.018302
2110s,female,Sandra,0.017437
2110s,female,Donna,0.016662
2110s,female,Carol,0.015963
2110s,female,Ruth,0.015328
2110s,female,Sharon,0.014750
2110s,female,Michelle,0.014220
2110s,female,Laura,0.013732
2110s,female,Sarah,0.013282
2110s,female,Kimberly,0.012865
2110s,female,Deborah,0.012477
2110s,female,Jessica,0.012115
2110s,female,Emily,0.011777
2110s,female,Ashley,0.011460
2110s,female,Amanda,0.011163
2110s,female,Melissa,0.010882
2110s,female,Hannah,0.010618
2110s,female,Rebecca,0.010368
2110s,female,Samantha,0.010132
2110s,female,Emma,0.009907
2110s,female,Olivia,0.009694
2110s,female,Isabella,0.009492
2110s,female,Charlotte,0.009298
2110s,female,Sophia,0.009114
2110s,female,Mia,0.008938
2110s,female,Amelia,0.008770
2110s,female,Evelyn,0.008609
2110s,female,Harper,0.008455
2110s,female,Avery,0.008307
2110s,female,Luna,0.008165
2110s,female,Ella,0.008029
2110s,female,Aria,0.007898
2110s,female,Nova,0.007771
2110s,female,Iris,0.007649
2110s,female,Maeve,0.007532
2120s,male,James,0.139496
2120s,male,John,0.082945
2120s,male,Robert,0.061196
2120s,male,Michael,0.049319
2120s,male,William,0.041719
2120s,male,David,0.036387
2120s,male,Richard,0.032414
2120s,male,Joseph,0.029325
2120s,male,Thomas,0.026846
2120s,male,Charles,0.024806
2120s,male,Christopher,0.023095
2120s,male,Daniel,0.021636
2120s,male,Matthew,0.020375
2120s,male,Anthony,0.019274
2120s,male,Mark,0.018302
2120s,male,Donald,0.017437
2120s,male,Paul,0.016662
2120s,male,Steven,0.015963
2120s,male,Andrew,0.015328
2120s,male,Edward,0.014750
2120s,male,Joshua,0.014220
2120s,male,Kevin,0.013732
2120s,male,Brian,0.013282
2120s,male,George,0.012865
2120s,male,Timothy,0.012477
2120s,male,Ronald,0.012115
2120s,male,Jason,0.011777
2120s,male,Jeffrey,0.011460
2120s,male,Ryan,0.011163
2120s,male,Eric,0.010882
2120s,male,Jacob,0.010618
2120s,male,Nicholas,0.010368
2120s,male,Adam,0.010132
2120s,male,Benjamin,0.009907
2120s,male,Samuel,0.009694
2120s,male,Henry,0.009492
2120s,male,Alexander,0.009298
2120s,male,Noah,0.009114
2120s,male,Ethan,0.008938
2120s,male,Lucas,0.008770
2120s,male,Logan,0.008609
2120s,male,Mason,0.008455
2120s,male,Oliver,0.008307
2120s,male,Elijah,0.008165
2120s,male,Aiden,0.008029
2120s,male,Jayden,0.007898
2120s,male,Liam,0.007771
2120s,male,Theo,0.007649
2120s,male,Leo,0.007532
2120s,female,Mary,0.139496
2120s,female,Patricia,0.082945
2120s,female,Linda,0.061196
2120s,female,Barbara,0.049319
2120s,female,Elizabeth,0.041719
2120s,female,Jennifer,0.036387
2120s,female,Maria,0.032414
2120s,female,Susan,0.029325
2120s,female,Margaret,0.026846
2120s,female,Dorothy,0.024806
2120s,female,Lisa,0.023095
2120s,female,Nancy,0.021636
2120s,female,Karen,0.020375
2120s,female,Betty,0.019274
2120s,female,Helen,0.018302
2120s,female,Sandra,0.017437
2120s,female,Donna,0.016662
2120s,female,Carol,0.015963
2120s,female,Ruth,0.015328
2120s,female,Sharon,0.014750
2120s,female,Michelle,0.014220
2120s,female,Laura,0.013732
2120s,female,Sarah,0.013282
2120s,female,Kimberly,0.012865
2120s,female,Deborah,0.012477
2120s,female,Jessica,0.012115
2120s,female,Emily,0.011777
2120s,female,Ashley,0.011460
2120s,female,Amanda,0.011163
2120s,female,Melissa,0.010882
2120s,female,Hannah,0.010618
2120s,female,Rebecca,0.010368
2120s,female,Samantha,0.010132
2120s,female,Emma,0.009907
2120s,female,Olivia,0.009694
2120s,female,Isabella,0.009492
2120s,female,Charlotte,0.009298
2120s,female,Sophia,0.009114
2120s,female,Mia,0.008938
2120s,female,Amelia,0.008770
2120s,female,Evelyn,0.008609
2120s,female,Harper,0.008455
2120s,female,Avery,0.008307
2120s,female,Luna,0.008165
2120s,female,Ella,0.008029
2120s,female,Aria,0.007898
2120s,female,Nova,0.007771
2120s,female,Iris,0.007649
2120s,female,Maeve,0.007532
